method,mean_r2,mean_reconstruction_error,n_samples
nnls,0.932335092748142,1.7090149024999175,200
elastic_net,0.8028302549802617,5.1342985134271615,200
constrained_ls,0.9323350927480197,1.7090149025023584,200
