signature,correlation
consensus_4,0.9965119719959263
consensus_1,0.9786813117402396
consensus_5,0.9297656936526218
consensus_3,0.3621888572652465
consensus_2,0.26214322180418864
